id,paramOne,paramTwo,paramThree,paramFour,metOne,metTwo,met3,met4,met5,met6,met7,met8,image
1,101,111,111,111,201,211,201,211,201,211,201,211,num1/number-1.png
2,102,111,111,111,202,212,201,211,201,211,201,211,num2/number-2.png
3,103,111,111,111,203,213,201,211,201,211,201,211,number-3.png
4,104,114,114,114,204,214,201,211,201,211,201,211,number-4.png
5,105,115,115,115,205,215,201,211,201,211,201,211,number-5.png
6,106,116,116,116,206,216,201,211,201,211,201,211,number-6.png
7,107,117,117,117,207,217,201,211,201,211,201,211,number-7.png
8,108,118,118,118,208,218,201,211,201,211,201,211,number-8.png
9,109,119,119,119,209,219,201,211,201,211,201,211,number-9.png
